REM INSERTING into CINEMAS.CTHD
SET DEFINE OFF;
Insert into CINEMAS.CTHD (MASP,SOHD,THANHTIEN,SOLUONG) values ('SP2',142,1,55000);
Insert into CINEMAS.CTHD (MASP,SOHD,THANHTIEN,SOLUONG) values ('SP6',204,1,25000);
Insert into CINEMAS.CTHD (MASP,SOHD,THANHTIEN,SOLUONG) values ('SP6',203,1,25000);
Insert into CINEMAS.CTHD (MASP,SOHD,THANHTIEN,SOLUONG) values ('SP2',205,1,55000);
Insert into CINEMAS.CTHD (MASP,SOHD,THANHTIEN,SOLUONG) values ('SP6',202,1,25000);

REM INSERTING into CINEMAS.DATVE
SET DEFINE OFF;
Insert into CINEMAS.DATVE (MAGHE,MASC,SOHD) values ('a1r1','1sc',1);
Insert into CINEMAS.DATVE (MAGHE,MASC,SOHD) values ('a1r1','9sc',21);
Insert into CINEMAS.DATVE (MAGHE,MASC,SOHD) values ('a1r2','5sc',215);
Insert into CINEMAS.DATVE (MAGHE,MASC,SOHD) values ('a2r1','1sc',161);
Insert into CINEMAS.DATVE (MAGHE,MASC,SOHD) values ('a2r1','9sc',22);
Insert into CINEMAS.DATVE (MAGHE,MASC,SOHD) values ('a3r1','9sc',23);
Insert into CINEMAS.DATVE (MAGHE,MASC,SOHD) values ('b1r2','4sc',213);
Insert into CINEMAS.DATVE (MAGHE,MASC,SOHD) values ('b2r1','1sc',101);
Insert into CINEMAS.DATVE (MAGHE,MASC,SOHD) values ('b3r1','1sc',81);
Insert into CINEMAS.DATVE (MAGHE,MASC,SOHD) values ('b3r1','2sc',212);
Insert into CINEMAS.DATVE (MAGHE,MASC,SOHD) values ('b3r2','4sc',183);
Insert into CINEMAS.DATVE (MAGHE,MASC,SOHD) values ('b4r2','4sc',164);
Insert into CINEMAS.DATVE (MAGHE,MASC,SOHD) values ('b5r1','1sc',206);
Insert into CINEMAS.DATVE (MAGHE,MASC,SOHD) values ('b5r2','4sc',181);
Insert into CINEMAS.DATVE (MAGHE,MASC,SOHD) values ('b6r2','4sc',182);
Insert into CINEMAS.DATVE (MAGHE,MASC,SOHD) values ('c1r1','1sc',141);
Insert into CINEMAS.DATVE (MAGHE,MASC,SOHD) values ('c1r4','13sc',61);
Insert into CINEMAS.DATVE (MAGHE,MASC,SOHD) values ('c2r1','1sc',207);
Insert into CINEMAS.DATVE (MAGHE,MASC,SOHD) values ('c2r2','5sc',215);
Insert into CINEMAS.DATVE (MAGHE,MASC,SOHD) values ('c3r2','4sc',210);
Insert into CINEMAS.DATVE (MAGHE,MASC,SOHD) values ('c4r1','1sc',201);
Insert into CINEMAS.DATVE (MAGHE,MASC,SOHD) values ('c4r2','4sc',162);
Insert into CINEMAS.DATVE (MAGHE,MASC,SOHD) values ('c5r1','1sc',208);
Insert into CINEMAS.DATVE (MAGHE,MASC,SOHD) values ('c5r2','4sc',163);
Insert into CINEMAS.DATVE (MAGHE,MASC,SOHD) values ('c5r2','5sc',221);
Insert into CINEMAS.DATVE (MAGHE,MASC,SOHD) values ('c6r1','1sc',41);
Insert into CINEMAS.DATVE (MAGHE,MASC,SOHD) values ('c6r2','12sc',44);
Insert into CINEMAS.DATVE (MAGHE,MASC,SOHD) values ('c6r2','4sc',43);
Insert into CINEMAS.DATVE (MAGHE,MASC,SOHD) values ('d1r2','4sc',211);
Insert into CINEMAS.DATVE (MAGHE,MASC,SOHD) values ('d2r2','4sc',214);
Insert into CINEMAS.DATVE (MAGHE,MASC,SOHD) values ('d2r2','5sc',215);
Insert into CINEMAS.DATVE (MAGHE,MASC,SOHD) values ('d6r1','1sc',42);
Insert into CINEMAS.DATVE (MAGHE,MASC,SOHD) values ('e1r1','1sc',209);

REM INSERTING into CINEMAS.GHE
SET DEFINE OFF;
Insert into CINEMAS.GHE (MAGHE,MARAP,VITRI,LOAIGHE,GIA) values ('a1r1','1r','ha c1','thuong',65000);
Insert into CINEMAS.GHE (MAGHE,MARAP,VITRI,LOAIGHE,GIA) values ('a2r1','1r','ha c2','thuong',65000);
Insert into CINEMAS.GHE (MAGHE,MARAP,VITRI,LOAIGHE,GIA) values ('a3r1','1r','ha c3','thuong',65000);
Insert into CINEMAS.GHE (MAGHE,MARAP,VITRI,LOAIGHE,GIA) values ('a4r1','1r','ha c4','thuong',65000);
Insert into CINEMAS.GHE (MAGHE,MARAP,VITRI,LOAIGHE,GIA) values ('a5r1','1r','ha c5','thuong',65000);
Insert into CINEMAS.GHE (MAGHE,MARAP,VITRI,LOAIGHE,GIA) values ('a6r1','1r','ha c6','thuong',65000);
Insert into CINEMAS.GHE (MAGHE,MARAP,VITRI,LOAIGHE,GIA) values ('b1r1','1r','hb c1','thuong',65000);
Insert into CINEMAS.GHE (MAGHE,MARAP,VITRI,LOAIGHE,GIA) values ('b2r1','1r','hb c2','thuong',65000);
Insert into CINEMAS.GHE (MAGHE,MARAP,VITRI,LOAIGHE,GIA) values ('b3r1','1r','hb c3','thuong',65000);
Insert into CINEMAS.GHE (MAGHE,MARAP,VITRI,LOAIGHE,GIA) values ('b4r1','1r','hb c4','thuong',65000);
Insert into CINEMAS.GHE (MAGHE,MARAP,VITRI,LOAIGHE,GIA) values ('b5r1','1r','hb c5','thuong',65000);
Insert into CINEMAS.GHE (MAGHE,MARAP,VITRI,LOAIGHE,GIA) values ('b6r1','1r','hb c6','thuong',65000);
Insert into CINEMAS.GHE (MAGHE,MARAP,VITRI,LOAIGHE,GIA) values ('c1r1','1r','hc c1','thuong',65000);
Insert into CINEMAS.GHE (MAGHE,MARAP,VITRI,LOAIGHE,GIA) values ('c2r1','1r','hc c2','thuong',65000);
Insert into CINEMAS.GHE (MAGHE,MARAP,VITRI,LOAIGHE,GIA) values ('c3r1','1r','hc c3','thuong',65000);
Insert into CINEMAS.GHE (MAGHE,MARAP,VITRI,LOAIGHE,GIA) values ('c4r1','1r','hc c4','thuong',65000);
Insert into CINEMAS.GHE (MAGHE,MARAP,VITRI,LOAIGHE,GIA) values ('c5r1','1r','hc c5','thuong',65000);
Insert into CINEMAS.GHE (MAGHE,MARAP,VITRI,LOAIGHE,GIA) values ('c6r1','1r','hc c6','thuong',65000);
Insert into CINEMAS.GHE (MAGHE,MARAP,VITRI,LOAIGHE,GIA) values ('d1r1','1r','hd c1','thuong',65000);
Insert into CINEMAS.GHE (MAGHE,MARAP,VITRI,LOAIGHE,GIA) values ('d2r1','1r','hd c2','thuong',65000);
Insert into CINEMAS.GHE (MAGHE,MARAP,VITRI,LOAIGHE,GIA) values ('d3r1','1r','hd c3','thuong',65000);
Insert into CINEMAS.GHE (MAGHE,MARAP,VITRI,LOAIGHE,GIA) values ('d4r1','1r','hd c4','thuong',65000);
Insert into CINEMAS.GHE (MAGHE,MARAP,VITRI,LOAIGHE,GIA) values ('d5r1','1r','hd c5','thuong',65000);
Insert into CINEMAS.GHE (MAGHE,MARAP,VITRI,LOAIGHE,GIA) values ('d6r1','1r','hd c6','thuong',65000);
Insert into CINEMAS.GHE (MAGHE,MARAP,VITRI,LOAIGHE,GIA) values ('e1r1','1r','he c1','thuong',65000);
Insert into CINEMAS.GHE (MAGHE,MARAP,VITRI,LOAIGHE,GIA) values ('e2r1','1r','he c1','thuong',65000);
Insert into CINEMAS.GHE (MAGHE,MARAP,VITRI,LOAIGHE,GIA) values ('e3r1','1r','he c1','thuong',65000);
Insert into CINEMAS.GHE (MAGHE,MARAP,VITRI,LOAIGHE,GIA) values ('e4r1','1r','he c1','thuong',65000);
Insert into CINEMAS.GHE (MAGHE,MARAP,VITRI,LOAIGHE,GIA) values ('e5r1','1r','he c1','thuong',65000);
Insert into CINEMAS.GHE (MAGHE,MARAP,VITRI,LOAIGHE,GIA) values ('e6r1','1r','he c1','thuong',65000);
Insert into CINEMAS.GHE (MAGHE,MARAP,VITRI,LOAIGHE,GIA) values ('a1r2','2r','ha c1','thuong',65000);
Insert into CINEMAS.GHE (MAGHE,MARAP,VITRI,LOAIGHE,GIA) values ('a2r2','2r','ha c2','thuong',65000);
Insert into CINEMAS.GHE (MAGHE,MARAP,VITRI,LOAIGHE,GIA) values ('a3r2','2r','ha c3','thuong',65000);
Insert into CINEMAS.GHE (MAGHE,MARAP,VITRI,LOAIGHE,GIA) values ('a4r2','2r','ha c4','thuong',65000);
Insert into CINEMAS.GHE (MAGHE,MARAP,VITRI,LOAIGHE,GIA) values ('a5r2','2r','ha c5','thuong',65000);
Insert into CINEMAS.GHE (MAGHE,MARAP,VITRI,LOAIGHE,GIA) values ('a6r2','2r','ha c6','thuong',65000);
Insert into CINEMAS.GHE (MAGHE,MARAP,VITRI,LOAIGHE,GIA) values ('b1r2','2r','hb c1','thuong',65000);
Insert into CINEMAS.GHE (MAGHE,MARAP,VITRI,LOAIGHE,GIA) values ('b2r2','2r','hb c2','thuong',65000);
Insert into CINEMAS.GHE (MAGHE,MARAP,VITRI,LOAIGHE,GIA) values ('b3r2','2r','hb c3','thuong',65000);
Insert into CINEMAS.GHE (MAGHE,MARAP,VITRI,LOAIGHE,GIA) values ('b4r2','2r','hb c4','thuong',65000);
Insert into CINEMAS.GHE (MAGHE,MARAP,VITRI,LOAIGHE,GIA) values ('b5r2','2r','hb c5','thuong',65000);
Insert into CINEMAS.GHE (MAGHE,MARAP,VITRI,LOAIGHE,GIA) values ('b6r2','2r','hb c6','thuong',65000);
Insert into CINEMAS.GHE (MAGHE,MARAP,VITRI,LOAIGHE,GIA) values ('c1r2','2r','hc c1','thuong',65000);
Insert into CINEMAS.GHE (MAGHE,MARAP,VITRI,LOAIGHE,GIA) values ('c2r2','2r','hc c2','thuong',65000);
Insert into CINEMAS.GHE (MAGHE,MARAP,VITRI,LOAIGHE,GIA) values ('c3r2','2r','hc c3','thuong',65000);
Insert into CINEMAS.GHE (MAGHE,MARAP,VITRI,LOAIGHE,GIA) values ('c4r2','2r','hc c4','thuong',65000);
Insert into CINEMAS.GHE (MAGHE,MARAP,VITRI,LOAIGHE,GIA) values ('c5r2','2r','hc c5','thuong',65000);
Insert into CINEMAS.GHE (MAGHE,MARAP,VITRI,LOAIGHE,GIA) values ('c6r2','2r','hc c6','thuong',65000);
Insert into CINEMAS.GHE (MAGHE,MARAP,VITRI,LOAIGHE,GIA) values ('d1r2','2r','hd c1','thuong',65000);
Insert into CINEMAS.GHE (MAGHE,MARAP,VITRI,LOAIGHE,GIA) values ('d2r2','2r','hd c2','thuong',65000);
Insert into CINEMAS.GHE (MAGHE,MARAP,VITRI,LOAIGHE,GIA) values ('d3r2','2r','hd c3','thuong',65000);
Insert into CINEMAS.GHE (MAGHE,MARAP,VITRI,LOAIGHE,GIA) values ('d4r2','2r','hd c4','thuong',65000);
Insert into CINEMAS.GHE (MAGHE,MARAP,VITRI,LOAIGHE,GIA) values ('d5r2','2r','hd c5','thuong',65000);
Insert into CINEMAS.GHE (MAGHE,MARAP,VITRI,LOAIGHE,GIA) values ('d6r2','2r','hd c6','thuong',65000);
Insert into CINEMAS.GHE (MAGHE,MARAP,VITRI,LOAIGHE,GIA) values ('e1r2','2r','he c1','thuong',65000);
Insert into CINEMAS.GHE (MAGHE,MARAP,VITRI,LOAIGHE,GIA) values ('e2r2','2r','he c1','thuong',65000);
Insert into CINEMAS.GHE (MAGHE,MARAP,VITRI,LOAIGHE,GIA) values ('e3r2','2r','he c1','thuong',65000);
Insert into CINEMAS.GHE (MAGHE,MARAP,VITRI,LOAIGHE,GIA) values ('e4r2','2r','he c1','thuong',65000);
Insert into CINEMAS.GHE (MAGHE,MARAP,VITRI,LOAIGHE,GIA) values ('e5r2','2r','he c1','thuong',65000);
Insert into CINEMAS.GHE (MAGHE,MARAP,VITRI,LOAIGHE,GIA) values ('e6r2','2r','he c1','thuong',65000);
Insert into CINEMAS.GHE (MAGHE,MARAP,VITRI,LOAIGHE,GIA) values ('a1r3','3r','ha c1','thuong',65000);
Insert into CINEMAS.GHE (MAGHE,MARAP,VITRI,LOAIGHE,GIA) values ('a2r3','3r','ha c2','thuong',65000);
Insert into CINEMAS.GHE (MAGHE,MARAP,VITRI,LOAIGHE,GIA) values ('a3r3','3r','ha c3','thuong',65000);
Insert into CINEMAS.GHE (MAGHE,MARAP,VITRI,LOAIGHE,GIA) values ('a4r3','3r','ha c4','thuong',65000);
Insert into CINEMAS.GHE (MAGHE,MARAP,VITRI,LOAIGHE,GIA) values ('a5r3','3r','ha c5','thuong',65000);
Insert into CINEMAS.GHE (MAGHE,MARAP,VITRI,LOAIGHE,GIA) values ('a6r3','3r','ha c6','thuong',65000);
Insert into CINEMAS.GHE (MAGHE,MARAP,VITRI,LOAIGHE,GIA) values ('b1r3','3r','hb c1','thuong',65000);
Insert into CINEMAS.GHE (MAGHE,MARAP,VITRI,LOAIGHE,GIA) values ('b2r3','3r','hb c2','thuong',65000);
Insert into CINEMAS.GHE (MAGHE,MARAP,VITRI,LOAIGHE,GIA) values ('b3r3','3r','hb c3','thuong',65000);
Insert into CINEMAS.GHE (MAGHE,MARAP,VITRI,LOAIGHE,GIA) values ('b4r3','3r','hb c4','thuong',65000);
Insert into CINEMAS.GHE (MAGHE,MARAP,VITRI,LOAIGHE,GIA) values ('b5r3','3r','hb c5','thuong',65000);
Insert into CINEMAS.GHE (MAGHE,MARAP,VITRI,LOAIGHE,GIA) values ('b6r3','3r','hb c6','thuong',65000);
Insert into CINEMAS.GHE (MAGHE,MARAP,VITRI,LOAIGHE,GIA) values ('c1r3','3r','hc c1','thuong',65000);
Insert into CINEMAS.GHE (MAGHE,MARAP,VITRI,LOAIGHE,GIA) values ('c2r3','3r','hc c2','thuong',65000);
Insert into CINEMAS.GHE (MAGHE,MARAP,VITRI,LOAIGHE,GIA) values ('c3r3','3r','hc c3','thuong',65000);
Insert into CINEMAS.GHE (MAGHE,MARAP,VITRI,LOAIGHE,GIA) values ('c4r3','3r','hc c4','thuong',65000);
Insert into CINEMAS.GHE (MAGHE,MARAP,VITRI,LOAIGHE,GIA) values ('c5r3','3r','hc c5','thuong',65000);
Insert into CINEMAS.GHE (MAGHE,MARAP,VITRI,LOAIGHE,GIA) values ('c6r3','3r','hc c6','thuong',65000);
Insert into CINEMAS.GHE (MAGHE,MARAP,VITRI,LOAIGHE,GIA) values ('d1r3','3r','hd c1','thuong',65000);
Insert into CINEMAS.GHE (MAGHE,MARAP,VITRI,LOAIGHE,GIA) values ('d2r3','3r','hd c2','thuong',65000);
Insert into CINEMAS.GHE (MAGHE,MARAP,VITRI,LOAIGHE,GIA) values ('d3r3','3r','hd c3','thuong',65000);
Insert into CINEMAS.GHE (MAGHE,MARAP,VITRI,LOAIGHE,GIA) values ('d4r3','3r','hd c4','thuong',65000);
Insert into CINEMAS.GHE (MAGHE,MARAP,VITRI,LOAIGHE,GIA) values ('d5r3','3r','hd c5','thuong',65000);
Insert into CINEMAS.GHE (MAGHE,MARAP,VITRI,LOAIGHE,GIA) values ('d6r3','3r','hd c6','thuong',65000);
Insert into CINEMAS.GHE (MAGHE,MARAP,VITRI,LOAIGHE,GIA) values ('e1r3','3r','he c1','thuong',65000);
Insert into CINEMAS.GHE (MAGHE,MARAP,VITRI,LOAIGHE,GIA) values ('e2r3','3r','he c1','thuong',65000);
Insert into CINEMAS.GHE (MAGHE,MARAP,VITRI,LOAIGHE,GIA) values ('e3r3','3r','he c1','thuong',65000);
Insert into CINEMAS.GHE (MAGHE,MARAP,VITRI,LOAIGHE,GIA) values ('e4r3','3r','he c1','thuong',65000);
Insert into CINEMAS.GHE (MAGHE,MARAP,VITRI,LOAIGHE,GIA) values ('e5r3','3r','he c1','thuong',65000);
Insert into CINEMAS.GHE (MAGHE,MARAP,VITRI,LOAIGHE,GIA) values ('e6r3','3r','he c1','thuong',65000);
Insert into CINEMAS.GHE (MAGHE,MARAP,VITRI,LOAIGHE,GIA) values ('a1r4','4r','ha c1','thuong',65000);
Insert into CINEMAS.GHE (MAGHE,MARAP,VITRI,LOAIGHE,GIA) values ('a2r4','4r','ha c2','thuong',65000);
Insert into CINEMAS.GHE (MAGHE,MARAP,VITRI,LOAIGHE,GIA) values ('a3r4','4r','ha c3','thuong',65000);
Insert into CINEMAS.GHE (MAGHE,MARAP,VITRI,LOAIGHE,GIA) values ('a4r4','4r','ha c4','thuong',65000);
Insert into CINEMAS.GHE (MAGHE,MARAP,VITRI,LOAIGHE,GIA) values ('a5r4','4r','ha c5','thuong',65000);
Insert into CINEMAS.GHE (MAGHE,MARAP,VITRI,LOAIGHE,GIA) values ('a6r4','4r','ha c6','thuong',65000);
Insert into CINEMAS.GHE (MAGHE,MARAP,VITRI,LOAIGHE,GIA) values ('b1r4','4r','hb c1','thuong',65000);
Insert into CINEMAS.GHE (MAGHE,MARAP,VITRI,LOAIGHE,GIA) values ('b2r4','4r','hb c2','thuong',65000);
Insert into CINEMAS.GHE (MAGHE,MARAP,VITRI,LOAIGHE,GIA) values ('b3r4','4r','hb c3','thuong',65000);
Insert into CINEMAS.GHE (MAGHE,MARAP,VITRI,LOAIGHE,GIA) values ('b4r4','4r','hb c4','thuong',65000);
Insert into CINEMAS.GHE (MAGHE,MARAP,VITRI,LOAIGHE,GIA) values ('b5r4','4r','hb c5','thuong',65000);
Insert into CINEMAS.GHE (MAGHE,MARAP,VITRI,LOAIGHE,GIA) values ('b6r4','4r','hb c6','thuong',65000);
Insert into CINEMAS.GHE (MAGHE,MARAP,VITRI,LOAIGHE,GIA) values ('c1r4','4r','hc c1','thuong',65000);
Insert into CINEMAS.GHE (MAGHE,MARAP,VITRI,LOAIGHE,GIA) values ('c2r4','4r','hc c2','thuong',65000);
Insert into CINEMAS.GHE (MAGHE,MARAP,VITRI,LOAIGHE,GIA) values ('c3r4','4r','hc c3','thuong',65000);
Insert into CINEMAS.GHE (MAGHE,MARAP,VITRI,LOAIGHE,GIA) values ('c4r4','4r','hc c4','thuong',65000);
Insert into CINEMAS.GHE (MAGHE,MARAP,VITRI,LOAIGHE,GIA) values ('c5r4','4r','hc c5','thuong',65000);
Insert into CINEMAS.GHE (MAGHE,MARAP,VITRI,LOAIGHE,GIA) values ('c6r4','4r','hc c6','thuong',65000);
Insert into CINEMAS.GHE (MAGHE,MARAP,VITRI,LOAIGHE,GIA) values ('d1r4','4r','hd c1','thuong',65000);
Insert into CINEMAS.GHE (MAGHE,MARAP,VITRI,LOAIGHE,GIA) values ('d2r4','4r','hd c2','thuong',65000);
Insert into CINEMAS.GHE (MAGHE,MARAP,VITRI,LOAIGHE,GIA) values ('d3r4','4r','hd c3','thuong',65000);
Insert into CINEMAS.GHE (MAGHE,MARAP,VITRI,LOAIGHE,GIA) values ('d4r4','4r','hd c4','thuong',65000);
Insert into CINEMAS.GHE (MAGHE,MARAP,VITRI,LOAIGHE,GIA) values ('d5r4','4r','hd c5','thuong',65000);
Insert into CINEMAS.GHE (MAGHE,MARAP,VITRI,LOAIGHE,GIA) values ('d6r4','4r','hd c6','thuong',65000);
Insert into CINEMAS.GHE (MAGHE,MARAP,VITRI,LOAIGHE,GIA) values ('e1r4','4r','he c1','thuong',65000);
Insert into CINEMAS.GHE (MAGHE,MARAP,VITRI,LOAIGHE,GIA) values ('e2r4','4r','he c1','thuong',65000);
Insert into CINEMAS.GHE (MAGHE,MARAP,VITRI,LOAIGHE,GIA) values ('e3r4','4r','he c1','thuong',65000);
Insert into CINEMAS.GHE (MAGHE,MARAP,VITRI,LOAIGHE,GIA) values ('e4r4','4r','he c1','thuong',65000);
Insert into CINEMAS.GHE (MAGHE,MARAP,VITRI,LOAIGHE,GIA) values ('e5r4','4r','he c1','thuong',65000);
Insert into CINEMAS.GHE (MAGHE,MARAP,VITRI,LOAIGHE,GIA) values ('e6r4','4r','he c1','thuong',65000);
Insert into CINEMAS.GHE (MAGHE,MARAP,VITRI,LOAIGHE,GIA) values ('a1r5','5r','ha c1','thuong',65000);
Insert into CINEMAS.GHE (MAGHE,MARAP,VITRI,LOAIGHE,GIA) values ('a2r5','5r','ha c2','thuong',65000);
Insert into CINEMAS.GHE (MAGHE,MARAP,VITRI,LOAIGHE,GIA) values ('a3r5','5r','ha c3','thuong',65000);
Insert into CINEMAS.GHE (MAGHE,MARAP,VITRI,LOAIGHE,GIA) values ('a4r5','5r','ha c4','thuong',65000);
Insert into CINEMAS.GHE (MAGHE,MARAP,VITRI,LOAIGHE,GIA) values ('a5r5','5r','ha c5','thuong',65000);
Insert into CINEMAS.GHE (MAGHE,MARAP,VITRI,LOAIGHE,GIA) values ('a6r5','5r','ha c6','thuong',65000);
Insert into CINEMAS.GHE (MAGHE,MARAP,VITRI,LOAIGHE,GIA) values ('b1r5','5r','hb c1','thuong',65000);
Insert into CINEMAS.GHE (MAGHE,MARAP,VITRI,LOAIGHE,GIA) values ('b2r5','5r','hb c2','thuong',65000);
Insert into CINEMAS.GHE (MAGHE,MARAP,VITRI,LOAIGHE,GIA) values ('b3r5','5r','hb c3','thuong',65000);
Insert into CINEMAS.GHE (MAGHE,MARAP,VITRI,LOAIGHE,GIA) values ('b4r5','5r','hb c4','thuong',65000);
Insert into CINEMAS.GHE (MAGHE,MARAP,VITRI,LOAIGHE,GIA) values ('b5r5','5r','hb c5','thuong',65000);
Insert into CINEMAS.GHE (MAGHE,MARAP,VITRI,LOAIGHE,GIA) values ('b6r5','5r','hb c6','thuong',65000);
Insert into CINEMAS.GHE (MAGHE,MARAP,VITRI,LOAIGHE,GIA) values ('c1r5','5r','hc c1','thuong',65000);
Insert into CINEMAS.GHE (MAGHE,MARAP,VITRI,LOAIGHE,GIA) values ('c2r5','5r','hc c2','thuong',65000);
Insert into CINEMAS.GHE (MAGHE,MARAP,VITRI,LOAIGHE,GIA) values ('c3r5','5r','hc c3','thuong',65000);
Insert into CINEMAS.GHE (MAGHE,MARAP,VITRI,LOAIGHE,GIA) values ('c4r5','5r','hc c4','thuong',65000);
Insert into CINEMAS.GHE (MAGHE,MARAP,VITRI,LOAIGHE,GIA) values ('c5r5','5r','hc c5','thuong',65000);
Insert into CINEMAS.GHE (MAGHE,MARAP,VITRI,LOAIGHE,GIA) values ('c6r5','5r','hc c6','thuong',65000);
Insert into CINEMAS.GHE (MAGHE,MARAP,VITRI,LOAIGHE,GIA) values ('d1r5','5r','hd c1','thuong',65000);
Insert into CINEMAS.GHE (MAGHE,MARAP,VITRI,LOAIGHE,GIA) values ('d2r5','5r','hd c2','thuong',65000);
Insert into CINEMAS.GHE (MAGHE,MARAP,VITRI,LOAIGHE,GIA) values ('d3r5','5r','hd c3','thuong',65000);
Insert into CINEMAS.GHE (MAGHE,MARAP,VITRI,LOAIGHE,GIA) values ('d4r5','5r','hd c4','thuong',65000);
Insert into CINEMAS.GHE (MAGHE,MARAP,VITRI,LOAIGHE,GIA) values ('d5r5','5r','hd c5','thuong',65000);
Insert into CINEMAS.GHE (MAGHE,MARAP,VITRI,LOAIGHE,GIA) values ('d6r5','5r','hd c6','thuong',65000);
Insert into CINEMAS.GHE (MAGHE,MARAP,VITRI,LOAIGHE,GIA) values ('e1r5','5r','he c1','thuong',65000);
Insert into CINEMAS.GHE (MAGHE,MARAP,VITRI,LOAIGHE,GIA) values ('e2r5','5r','he c1','thuong',65000);
Insert into CINEMAS.GHE (MAGHE,MARAP,VITRI,LOAIGHE,GIA) values ('e3r5','5r','he c1','thuong',65000);
Insert into CINEMAS.GHE (MAGHE,MARAP,VITRI,LOAIGHE,GIA) values ('e4r5','5r','he c1','thuong',65000);
Insert into CINEMAS.GHE (MAGHE,MARAP,VITRI,LOAIGHE,GIA) values ('e5r5','5r','he c1','thuong',65000);
Insert into CINEMAS.GHE (MAGHE,MARAP,VITRI,LOAIGHE,GIA) values ('e6r5','5r','he c1','thuong',65000);
REM INSERTING into CINEMAS.HOADON
SET DEFINE OFF;
Insert into CINEMAS.HOADON (SOHD,MANV,MATV,NGAYHD,TONGTIEN,MAKM,DTL) values (122,'NV1','UIT01',to_date('28-06-2021','dd-MM-yyyy'),65000,null,10000);
Insert into CINEMAS.HOADON (SOHD,MANV,MATV,NGAYHD,TONGTIEN,MAKM,DTL) values (142,'NV1','UIT01',to_date('28-06-2021','dd-MM-yyyy'),40000,null,15000);
Insert into CINEMAS.HOADON (SOHD,MANV,MATV,NGAYHD,TONGTIEN,MAKM,DTL) values (181,'NV1',null,to_date('28-06-2021','dd-MM-yyyy'),65000,null,0);
Insert into CINEMAS.HOADON (SOHD,MANV,MATV,NGAYHD,TONGTIEN,MAKM,DTL) values (203,'NV1',null,to_date('28-06-2021','dd-MM-yyyy'),25000,null,0);
Insert into CINEMAS.HOADON (SOHD,MANV,MATV,NGAYHD,TONGTIEN,MAKM,DTL) values (211,'NV1',null,to_date('28-06-2021','dd-MM-yyyy'),65000,null,0);
Insert into CINEMAS.HOADON (SOHD,MANV,MATV,NGAYHD,TONGTIEN,MAKM,DTL) values (221,'NV1',null,to_date('28-06-2021','dd-MM-yyyy'),65000,null,0);
Insert into CINEMAS.HOADON (SOHD,MANV,MATV,NGAYHD,TONGTIEN,MAKM,DTL) values (1,'NV1',null,to_date('26-06-2021','dd-MM-yyyy'),65000,null,null);
Insert into CINEMAS.HOADON (SOHD,MANV,MATV,NGAYHD,TONGTIEN,MAKM,DTL) values (21,'NV1',null,to_date('26-06-2021','dd-MM-yyyy'),65000,null,null);
Insert into CINEMAS.HOADON (SOHD,MANV,MATV,NGAYHD,TONGTIEN,MAKM,DTL) values (22,'NV1',null,to_date('26-06-2021','dd-MM-yyyy'),65000,null,null);
Insert into CINEMAS.HOADON (SOHD,MANV,MATV,NGAYHD,TONGTIEN,MAKM,DTL) values (23,'NV1',null,to_date('27-06-2021','dd-MM-yyyy'),65000,null,null);
Insert into CINEMAS.HOADON (SOHD,MANV,MATV,NGAYHD,TONGTIEN,MAKM,DTL) values (81,'NV1',null,to_date('28-06-2021','dd-MM-yyyy'),65000,null,0);
Insert into CINEMAS.HOADON (SOHD,MANV,MATV,NGAYHD,TONGTIEN,MAKM,DTL) values (141,'NV1','UIT01',to_date('28-06-2021','dd-MM-yyyy'),60000,null,5000);
Insert into CINEMAS.HOADON (SOHD,MANV,MATV,NGAYHD,TONGTIEN,MAKM,DTL) values (182,'NV1',null,to_date('28-06-2021','dd-MM-yyyy'),65000,null,0);
Insert into CINEMAS.HOADON (SOHD,MANV,MATV,NGAYHD,TONGTIEN,MAKM,DTL) values (207,'NV1',null,to_date('28-06-2021','dd-MM-yyyy'),65000,null,0);
Insert into CINEMAS.HOADON (SOHD,MANV,MATV,NGAYHD,TONGTIEN,MAKM,DTL) values (123,'NV1','UIT01',to_date('28-06-2021','dd-MM-yyyy'),65000,null,10000);
Insert into CINEMAS.HOADON (SOHD,MANV,MATV,NGAYHD,TONGTIEN,MAKM,DTL) values (183,'NV1',null,to_date('28-06-2021','dd-MM-yyyy'),65000,null,0);
Insert into CINEMAS.HOADON (SOHD,MANV,MATV,NGAYHD,TONGTIEN,MAKM,DTL) values (205,'NV1',null,to_date('28-06-2021','dd-MM-yyyy'),55000,null,0);
Insert into CINEMAS.HOADON (SOHD,MANV,MATV,NGAYHD,TONGTIEN,MAKM,DTL) values (208,'NV1',null,to_date('28-06-2021','dd-MM-yyyy'),65000,null,0);
Insert into CINEMAS.HOADON (SOHD,MANV,MATV,NGAYHD,TONGTIEN,MAKM,DTL) values (209,'NV1',null,to_date('28-06-2021','dd-MM-yyyy'),65000,null,0);
Insert into CINEMAS.HOADON (SOHD,MANV,MATV,NGAYHD,TONGTIEN,MAKM,DTL) values (215,'NV1',null,to_date('28-06-2021','dd-MM-yyyy'),65000,null,0);
Insert into CINEMAS.HOADON (SOHD,MANV,MATV,NGAYHD,TONGTIEN,MAKM,DTL) values (41,'NV1',null,to_date('27-06-2021','dd-MM-yyyy'),65000,null,null);
Insert into CINEMAS.HOADON (SOHD,MANV,MATV,NGAYHD,TONGTIEN,MAKM,DTL) values (42,'NV1',null,to_date('27-06-2021','dd-MM-yyyy'),65000,null,null);
Insert into CINEMAS.HOADON (SOHD,MANV,MATV,NGAYHD,TONGTIEN,MAKM,DTL) values (43,'NV1',null,to_date('27-06-2021','dd-MM-yyyy'),65000,null,null);
Insert into CINEMAS.HOADON (SOHD,MANV,MATV,NGAYHD,TONGTIEN,MAKM,DTL) values (44,'NV1',null,to_date('27-06-2021','dd-MM-yyyy'),65000,null,null);
Insert into CINEMAS.HOADON (SOHD,MANV,MATV,NGAYHD,TONGTIEN,MAKM,DTL) values (61,'NV1',null,to_date('27-06-2021','dd-MM-yyyy'),65000,null,null);
Insert into CINEMAS.HOADON (SOHD,MANV,MATV,NGAYHD,TONGTIEN,MAKM,DTL) values (101,'NV1','UIT01',to_date('28-06-2021','dd-MM-yyyy'),48500,'KM_SP10',10000);
Insert into CINEMAS.HOADON (SOHD,MANV,MATV,NGAYHD,TONGTIEN,MAKM,DTL) values (121,'NV1','UIT01',to_date('28-06-2021','dd-MM-yyyy'),65000,null,10000);
Insert into CINEMAS.HOADON (SOHD,MANV,MATV,NGAYHD,TONGTIEN,MAKM,DTL) values (161,'NV1',null,to_date('28-06-2021','dd-MM-yyyy'),65000,null,0);
Insert into CINEMAS.HOADON (SOHD,MANV,MATV,NGAYHD,TONGTIEN,MAKM,DTL) values (162,'NV1',null,to_date('28-06-2021','dd-MM-yyyy'),65000,null,0);
Insert into CINEMAS.HOADON (SOHD,MANV,MATV,NGAYHD,TONGTIEN,MAKM,DTL) values (164,'NV1',null,to_date('28-06-2021','dd-MM-yyyy'),65000,null,0);
Insert into CINEMAS.HOADON (SOHD,MANV,MATV,NGAYHD,TONGTIEN,MAKM,DTL) values (202,'NV1','UIT02',to_date('28-06-2021','dd-MM-yyyy'),25000,null,0);
Insert into CINEMAS.HOADON (SOHD,MANV,MATV,NGAYHD,TONGTIEN,MAKM,DTL) values (204,'NV1',null,to_date('28-06-2021','dd-MM-yyyy'),25000,null,0);
Insert into CINEMAS.HOADON (SOHD,MANV,MATV,NGAYHD,TONGTIEN,MAKM,DTL) values (206,'NV1',null,to_date('28-06-2021','dd-MM-yyyy'),65000,null,0);
Insert into CINEMAS.HOADON (SOHD,MANV,MATV,NGAYHD,TONGTIEN,MAKM,DTL) values (213,'NV1',null,to_date('28-06-2021','dd-MM-yyyy'),65000,null,0);
Insert into CINEMAS.HOADON (SOHD,MANV,MATV,NGAYHD,TONGTIEN,MAKM,DTL) values (124,'NV1','UIT01',to_date('28-06-2021','dd-MM-yyyy'),65000,null,10000);
Insert into CINEMAS.HOADON (SOHD,MANV,MATV,NGAYHD,TONGTIEN,MAKM,DTL) values (163,'NV1',null,to_date('28-06-2021','dd-MM-yyyy'),65000,null,0);
Insert into CINEMAS.HOADON (SOHD,MANV,MATV,NGAYHD,TONGTIEN,MAKM,DTL) values (201,'NV1','UIT02',to_date('28-06-2021','dd-MM-yyyy'),65000,null,0);
Insert into CINEMAS.HOADON (SOHD,MANV,MATV,NGAYHD,TONGTIEN,MAKM,DTL) values (210,'NV1',null,to_date('28-06-2021','dd-MM-yyyy'),65000,null,0);
Insert into CINEMAS.HOADON (SOHD,MANV,MATV,NGAYHD,TONGTIEN,MAKM,DTL) values (212,'NV1','UIT03',to_date('28-06-2021','dd-MM-yyyy'),55000,null,10000);
Insert into CINEMAS.HOADON (SOHD,MANV,MATV,NGAYHD,TONGTIEN,MAKM,DTL) values (214,'NV1','UIT02',to_date('28-06-2021','dd-MM-yyyy'),65000,null,0);
Insert into CINEMAS.HOADON (SOHD,MANV,MATV,NGAYHD,TONGTIEN,MAKM,DTL) values (216,'NV1',null,to_date('28-06-2021','dd-MM-yyyy'),0,null,0);

REM INSERTING into CINEMAS.KHUYENMAI
SET DEFINE OFF;
Insert into CINEMAS.KHUYENMAI (MAKM,TENKM,TYLEKM) values ('KM_SP10','GIAM GIA SP 10%',10);
Insert into CINEMAS.KHUYENMAI (MAKM,TENKM,TYLEKM) values ('KM_SP30','GIAM GIA SP 30%',30);
Insert into CINEMAS.KHUYENMAI (MAKM,TENKM,TYLEKM) values ('KM_SP50','GIAM GIA SP 50%',50);
Insert into CINEMAS.KHUYENMAI (MAKM,TENKM,TYLEKM) values ('KM_VE10','GIAM GIA VE 10%',10);
Insert into CINEMAS.KHUYENMAI (MAKM,TENKM,TYLEKM) values ('KM_VE30','GIAM GIA VE 30%',30);
Insert into CINEMAS.KHUYENMAI (MAKM,TENKM,TYLEKM) values ('KM_VE100','GIAM GIA VE 100%',100);

REM INSERTING into CINEMAS.LOAIPHIM
SET DEFINE OFF;
Insert into CINEMAS.LOAIPHIM (MALP,TENLP,HINHTHUC) values ('1lp','3D VSUB','Vietsub');
Insert into CINEMAS.LOAIPHIM (MALP,TENLP,HINHTHUC) values ('2lp','3D LTIENG','Long Tieng');
Insert into CINEMAS.LOAIPHIM (MALP,TENLP,HINHTHUC) values ('3lp','2D VSUB','Vietsub');
REM INSERTING into CINEMAS.PHIM

SET DEFINE OFF;
Insert into CINEMAS.PHIM (MAPHIM,MALP,TENPHIM,THOILUONG,QUOCGIA) values ('2p','3lp','CRUELLA',180,'USA');
Insert into CINEMAS.PHIM (MAPHIM,MALP,TENPHIM,THOILUONG,QUOCGIA) values ('4p','3lp','Dua be',135,'KOREA');
Insert into CINEMAS.PHIM (MAPHIM,MALP,TENPHIM,THOILUONG,QUOCGIA) values ('5p','3lp','SPIRIT: CHU NGUA BAT KHAM',135,'USA');
Insert into CINEMAS.PHIM (MAPHIM,MALP,TENPHIM,THOILUONG,QUOCGIA) values ('1p','3lp','Stand By Me 2',120,'Japan');
Insert into CINEMAS.PHIM (MAPHIM,MALP,TENPHIM,THOILUONG,QUOCGIA) values ('6p','1lp',' FAST and FURIOUS 9',180,'USA');
Insert into CINEMAS.PHIM (MAPHIM,MALP,TENPHIM,THOILUONG,QUOCGIA) values ('7p','2lp','Dem Troi Buoc',145,'USA');

REM INSERTING into CINEMAS.RAPCHIEU
SET DEFINE OFF;
Insert into CINEMAS.RAPCHIEU (MARAP,SLGHE) values ('1r',30);
Insert into CINEMAS.RAPCHIEU (MARAP,SLGHE) values ('2r',30);
Insert into CINEMAS.RAPCHIEU (MARAP,SLGHE) values ('3r',30);
Insert into CINEMAS.RAPCHIEU (MARAP,SLGHE) values ('4r',30);
Insert into CINEMAS.RAPCHIEU (MARAP,SLGHE) values ('5r',30);
REM INSERTING into CINEMAS.SANPHAM
SET DEFINE OFF;
Insert into CINEMAS.SANPHAM (MASP,TENSP,GIA) values ('SP1','Bap rang',45000);
Insert into CINEMAS.SANPHAM (MASP,TENSP,GIA) values ('SP2','Bap rang bo',55000);
Insert into CINEMAS.SANPHAM (MASP,TENSP,GIA) values ('SP3','Bap pho mai',55000);
Insert into CINEMAS.SANPHAM (MASP,TENSP,GIA) values ('SP4','Coca nho',25000);
Insert into CINEMAS.SANPHAM (MASP,TENSP,GIA) values ('SP5','Coca lon',40000);
Insert into CINEMAS.SANPHAM (MASP,TENSP,GIA) values ('SP6','Pepsi nho',25000);
Insert into CINEMAS.SANPHAM (MASP,TENSP,GIA) values ('SP7','Pepsi lon',40000);

REM INSERTING into CINEMAS.SUATCHIEU
SET DEFINE OFF;
Insert into CINEMAS.SUATCHIEU (MASC,MARAP,MAPHIM,NGAYCHIEU,THOIGIANCHIEU) values ('14sc','5r','6p',to_date('29-06-2021','dd-MM-yyyy'),'15:00');
Insert into CINEMAS.SUATCHIEU (MASC,MARAP,MAPHIM,NGAYCHIEU,THOIGIANCHIEU) values ('12sc','3r','2p',to_date('12-06-2021','dd-MM-yyyy'),'12:00');
Insert into CINEMAS.SUATCHIEU (MASC,MARAP,MAPHIM,NGAYCHIEU,THOIGIANCHIEU) values ('1sc','1r','1p',to_date('30-06-2021','dd-MM-yyyy'),'10:30');
Insert into CINEMAS.SUATCHIEU (MASC,MARAP,MAPHIM,NGAYCHIEU,THOIGIANCHIEU) values ('2sc','1r','1p',to_date('30-06-2021','dd-MM-yyyy'),'12:30');
Insert into CINEMAS.SUATCHIEU (MASC,MARAP,MAPHIM,NGAYCHIEU,THOIGIANCHIEU) values ('3sc','1r','1p',to_date('30-06-2021','dd-MM-yyyy'),'17:00');
Insert into CINEMAS.SUATCHIEU (MASC,MARAP,MAPHIM,NGAYCHIEU,THOIGIANCHIEU) values ('4sc','2r','2p',to_date('30-06-2021','dd-MM-yyyy'),'10:30');
Insert into CINEMAS.SUATCHIEU (MASC,MARAP,MAPHIM,NGAYCHIEU,THOIGIANCHIEU) values ('5sc','2r','2p',to_date('30-06-2021','dd-MM-yyyy'),'12:30');
Insert into CINEMAS.SUATCHIEU (MASC,MARAP,MAPHIM,NGAYCHIEU,THOIGIANCHIEU) values ('6sc','2r','2p',to_date('30-06-2021','dd-MM-yyyy'),'17:00');
Insert into CINEMAS.SUATCHIEU (MASC,MARAP,MAPHIM,NGAYCHIEU,THOIGIANCHIEU) values ('9sc','1r','4p',to_date('01-07-2021','dd-MM-yyyy'),'10:30');
Insert into CINEMAS.SUATCHIEU (MASC,MARAP,MAPHIM,NGAYCHIEU,THOIGIANCHIEU) values ('10sc','1r','4p',to_date('01-07-2021','dd-MM-yyyy'),'12:30');
Insert into CINEMAS.SUATCHIEU (MASC,MARAP,MAPHIM,NGAYCHIEU,THOIGIANCHIEU) values ('11sc','1r','4p',to_date('01-07-2021','dd-MM-yyyy'),'17:00');
Insert into CINEMAS.SUATCHIEU (MASC,MARAP,MAPHIM,NGAYCHIEU,THOIGIANCHIEU) values ('13sc','4r','5p',to_date('29-06-2021','dd-MM-yyyy'),'13:00');
Insert into CINEMAS.SUATCHIEU (MASC,MARAP,MAPHIM,NGAYCHIEU,THOIGIANCHIEU) values ('7sc','3r','4p',to_date('01-07-2020','dd-MM-yyyy'),'15:00');
Insert into CINEMAS.SUATCHIEU (MASC,MARAP,MAPHIM,NGAYCHIEU,THOIGIANCHIEU) values ('8sc','4r','4p',to_date('01-07-2020','dd-MM-yyyy'),'15:00');
REM INSERTING into CINEMAS.TAIKHOAN
SET DEFINE OFF;
Insert into CINEMAS.TAIKHOAN (MATK,MANGUOIDUNG,TENTK,PASSWORD,LOAITK) values ('TK1','NV1','longpt','phong','quanly');
Insert into CINEMAS.TAIKHOAN (MATK,MANGUOIDUNG,TENTK,PASSWORD,LOAITK) values ('TK2','NV2','acc2','acc2','nhanvien');
Insert into CINEMAS.TAIKHOAN (MATK,MANGUOIDUNG,TENTK,PASSWORD,LOAITK) values ('TK3','NV3','acc3','acc3','nhanvien');
Insert into CINEMAS.TAIKHOAN (MATK,MANGUOIDUNG,TENTK,PASSWORD,LOAITK) values ('TK4','NV4','acc4','acc4','quanly');
Insert into CINEMAS.TAIKHOAN (MATK,MANGUOIDUNG,TENTK,PASSWORD,LOAITK) values ('TK5','NV5','acc5','acc5','quanly');
Insert into CINEMAS.TAIKHOAN (MATK,MANGUOIDUNG,TENTK,PASSWORD,LOAITK) values ('TK6','NV6','acc6','acc6','nhanvien');
REM INSERTING into CINEMAS.NHANVIEN
SET DEFINE OFF;
Insert into CINEMAS.NHANVIEN (MANV,MANQL,MATK,HOTENNV,GIOITINH,NGAYSINH,DIACHI,SDT,LUONG,NGAYVAOLAM,CHUCVU) values ('NV1','NV1','TK1','Tran Phi long','Nam',to_date('14-06-2006','dd-MM-yyyy'),'TPHCM','1234',100000,to_date('01-06-2021','dd-MM-yyyy'),'Quan Ly Ban Hang');
Insert into CINEMAS.NHANVIEN (MANV,MANQL,MATK,HOTENNV,GIOITINH,NGAYSINH,DIACHI,SDT,LUONG,NGAYVAOLAM,CHUCVU) values ('NV2','NV1','TK2','Nguyen Tang Hao','Nam',to_date('10-10-2000','dd-MM-yyyy'),'TPHCM','087501221',123455,to_date('12-02-2010','dd-MM-yyyy'),'Nhan Vien Ban Hang');
Insert into CINEMAS.NHANVIEN (MANV,MANQL,MATK,HOTENNV,GIOITINH,NGAYSINH,DIACHI,SDT,LUONG,NGAYVAOLAM,CHUCVU) values ('NV3','NV1','TK3','Nguyen Vu Van Duc','Nam',to_date('03-06-1997','dd-MM-yyyy'),'Long Thanh','0586505029',10000000,to_date('01-06-2021','dd-MM-yyyy'),'Nhan Vien Ban Ve');
Insert into CINEMAS.NHANVIEN (MANV,MANQL,MATK,HOTENNV,GIOITINH,NGAYSINH,DIACHI,SDT,LUONG,NGAYVAOLAM,CHUCVU) values ('NV4','NV1','TK4','Than Trung Hieu','Nam',to_date('17-10-1998','dd-MM-yyyy'),'Long An','0897273821',1709992,to_date('19-09-2017','dd-MM-yyyy'),'Quan Ly Hang Hoa');
Insert into CINEMAS.NHANVIEN (MANV,MANQL,MATK,HOTENNV,GIOITINH,NGAYSINH,DIACHI,SDT,LUONG,NGAYVAOLAM,CHUCVU) values ('NV5','NV1','TK5','Nguyen Van Hoan','Nam',to_date('12-10-2001','dd-MM-yyyy'),'TPHCM','012345687',1709992,to_date('19-09-2017','dd-MM-yyyy'),'Quan Ly Ban Ve');
Insert into CINEMAS.NHANVIEN (MANV,MANQL,MATK,HOTENNV,GIOITINH,NGAYSINH,DIACHI,SDT,LUONG,NGAYVAOLAM,CHUCVU) values ('NV6','NV1','TK6','Do Viet Bach','Nam',to_date('10-10-2001','dd-MM-yyyy'),'TPHCM','012345678',1709992,to_date('19-09-2017','dd-MM-yyyy'),'Nhan Vien');

REM INSERTING into CINEMAS.THANHVIEN
SET DEFINE OFF;

Insert into CINEMAS.THANHVIEN (MATV,TENTV,GIOITINH,NGAYSINH,DIACHI,SDT,CMND,NGAYDANGKY,DIEMTICHLUY) values ('UIT01','Ngo Kha Vy','Nu',to_date('21-04-2000','dd-MM-yyyy'),'TP HCM','0835946878','301728991112',to_date('28-06-2021','dd-MM-yyyy'),85000);
Insert into CINEMAS.THANHVIEN (MATV,TENTV,GIOITINH,NGAYSINH,DIACHI,SDT,CMND,NGAYDANGKY,DIEMTICHLUY) values ('UIT02','Nguyen Thanh Tai','Nam',to_date('01-06-2001','dd-MM-yyyy'),'Ha Noi','0756483234','123123123',to_date('10-06-2021','dd-MM-yyyy'),85000);
Insert into CINEMAS.THANHVIEN (MATV,TENTV,GIOITINH,NGAYSINH,DIACHI,SDT,CMND,NGAYDANGKY,DIEMTICHLUY) values ('UIT05','Tran Quoc Phong','Nam',to_date('01-06-2001','dd-MM-yyyy'),'Ha Noi','0987453789','111231',to_date('11-06-2021','dd-MM-yyyy'),490000);
Insert into CINEMAS.THANHVIEN (MATV,TENTV,GIOITINH,NGAYSINH,DIACHI,SDT,CMND,NGAYDANGKY,DIEMTICHLUY) values ('UIT06','Nguyen Chau Truc','Nu',to_date('01-11-2000','dd-MM-yyyy'),'Hoi An','0972878293','2728783702',to_date('28-06-2021','dd-MM-yyyy'),70000);
Insert into CINEMAS.THANHVIEN (MATV,TENTV,GIOITINH,NGAYSINH,DIACHI,SDT,CMND,NGAYDANGKY,DIEMTICHLUY) values ('UIT07','Tran Duc Anh','Nam',to_date('14-05-1993','dd-MM-yyyy'),'Tay Ninh','0312867549','2777383922',to_date('11-06-2021','dd-MM-yyyy'),50000);
Insert into CINEMAS.THANHVIEN (MATV,TENTV,GIOITINH,NGAYSINH,DIACHI,SDT,CMND,NGAYDANGKY,DIEMTICHLUY) values ('UIT08','Nguyen Nhat Anh','Nam',to_date('12-08-1989','dd-MM-yyyy'),'TP HCM','0312456549','2423383922',to_date('12-06-2021','dd-MM-yyyy'),0);
Insert into CINEMAS.THANHVIEN (MATV,TENTV,GIOITINH,NGAYSINH,DIACHI,SDT,CMND,NGAYDANGKY,DIEMTICHLUY) values ('UIT09','Tran Duc Anh','Nam',to_date('12-08-1991','dd-MM-yyyy'),'Tay Ninh','0312898749','2775273922',to_date('13-06-2021','dd-MM-yyyy'),20000);
Insert into CINEMAS.THANHVIEN (MATV,TENTV,GIOITINH,NGAYSINH,DIACHI,SDT,CMND,NGAYDANGKY,DIEMTICHLUY) values ('UIT03','Tran Manh Linh','Nam',to_date('12-08-1993','dd-MM-yyyy'),'TP HCM','0312348749','09756273922',to_date('05-06-2021','dd-MM-yyyy'),30000);
